{
    "ctrl+a": "\u00e6",
    "ctrl+shift+a": "\u0251",
    "b": "b\u0325",
    "d": "d\u0325",
    "ctrl+d": "\u00f0",
    "ctrl+e": "\u0259",
    "ctrl+shift+e": "\u0250",
    "g": "\u0261\u030a",
    "ctrl+shift+i": "\u026a",
    "ctrl+j": "j\u030a",
    "k": "k\u02b0",
    "ctrl+l": "l\u0325",
    "ctrl+n": "\u014b",
    "p": "p\u02b0",
    "r": "\u0281",
    "ctrl+r": "\u0281\u0325",
    "ctrl+s": "\u0255",
    "t": "t\u02e2",
    "ctrl+t": "t\u1d9d",
    "ctrl+y": "\u028f",
    "\u00f8": "\u00f8",
    "ctrl+\u00f8": "\u0153",
    "ctrl+shift+\u00f8": "\u0276",
    "\u00e6": "\u025b",
    "\u00e5": "\u0254",
    "ctrl+\u00e5": "\u0252",
    ":": "\u02d0", "?":
    "\u02c0", "<": "\u032f",
    "'": "\u02c8",
    ",": "\u0329",
    "-": "\u032f"
}